id,d_c1_h,d_c1_s,d_c1_v,d_c1_pc,d_c2_h,d_c2_s,d_c2_v,d_c2_pc,d_c3_h,d_c3_s,d_c3_v,d_c3_pc
1,141.44993612926962,0.9419578353465993,0.84411138613423,44.45,10.012885879148623,0.6724488545378337,0.5759234163534046,14.94,31.211163969020486,0.5815703069269923,0.8053269295394014,10.1
2,20.820181608588854,0.5153154239361153,0.511831070889918,34.76,13.472807900594432,0.586398219739571,0.5002095392544628,28.49,30.333382550881613,0.5521177751116623,0.5252496867048978,12.05
3,20.230565869572672,0.25675841705887337,0.9350820861416573,31.95,10.17758423918282,0.45097207206723017,0.5734682419134585,19.35,2.430801913353966,0.5428489748367592,0.295584337710629,19.07
4,17.72373593226962,0.41202311051720186,0.7992881011477871,37.97,6.638253030232017,0.4581707777389336,0.6332561688861503,24.56,207.88314772178745,0.09205274628690298,0.8636584741423664,10.13
5,12.432910069114197,0.7443020094003878,0.4213984872823561,32.9,0.7249048430504775,0.15941325991486288,0.7608557809764706,24.22,22.499710576147162,0.47415629540569193,0.7081169252977294,23.77
6,145.19162746961157,0.6134133591724765,0.4357188616967627,28.15,0.030389821217743293,0.050167316554503974,0.001340343624080645,25.45,150.59039149262455,0.7996113924049195,0.21408312011503772,18.51
9,0.37458371063619594,0.08729479983472618,0.059108774273638115,45.2,13.193184320236917,0.6078530314087353,0.5121923623869673,22.04,36.891929502296485,0.3692368508414651,0.3564076197005126,12.01
10,10.192125354440822,0.26875418090551706,0.7330218787249289,33.71,158.18893943647336,0.7851369508679538,0.18558773484919414,27.81,144.71273355123273,0.7351529501197801,0.3875752246458868,21.79
